TRUE,0
FALSE,1
zone,2
youth,3
yourself,4
yours,5
your,6
youngster,7
young,8
you,9
yield,10
yet,11
yesterday,12
yes,13
yellow,14
yell,15
year,16
yeah,17
yard,18
wrong,19
written,20
writing,21
writer,22
write,23
wrist,24
wrap,25
wow,26
wound,27
would,28
worth,29
worry,30
worried,31
worldwide,32
world,33
workshop,34
works,35
workplace,36
workout,37
working,38
worker,39
work,40
word,41
wooden,42
wood,43
wonderful,44
wonder,45
woman,46
wolf,47
witness,48
without,49
within,50
withdrawal,51
withdraw,52
with,53
wish,54
wise,55
wisdom,56
wire,57
wipe,58
winter,59
winner,60
wing,61
wine,62
window,63
wind,64
win,65
willingness,66
willing,67
will,68
wildlife,69
wilderness,70
wild,71
wife,72
widow,73
widespread,74
widely,75
wide,76
why,77
whose,78
whom,79
whole,80
whoever,81
who,82
white,83
whisper,84
whip,85
while,86
which,87
whether,88
wherever,89
whereas,90
where,91
whenever,92
when,93
wheelchair,94
wheel,95
wheat,96
whatever,97
what,98
whale,99
wet,100
western,101
west,102
well-known,103
well-being,104
well,105
welfare,106
welcome,107
weird,108
weight,109
weigh,110
weekly,111
weekend,112
week,113
weed,114
wedding,115
web,116
weave,117
weather,118
wear,119
weapon,120
wealthy,121
wealth,122
weakness,123
weaken,124
weak,125
we,126
way,127
wave,128
water,129
watch,130
waste,131
wash,132
warrior,133
warning,134
warn,135
warmth,136
warm,137
warehouse,138
war,139
want,140
wander,141
wall,142
walking,143
walk,144
wake,145
wait,146
waist,147
wagon,148
wage,149
vulnerable,150
vs,151
voting,152
voter,153
vote,154
volunteer,155
voluntary,156
volume,157
voice,158
vocal,159
vitamin,160
vital,161
visual,162
visitor,163
visit,164
vision,165
visible,166
virus,167
virtue,168
virtually,169
virtual,170
violent,171
violence,172
violation,173
violate,174
village,175
viewer,176
view,177
video,178
victory,179
victim,180
via,181
veteran,182
vessel,183
very,184
vertical,185
versus,186
version,187
verdict,188
verbal,189
venture,190
vendor,191
vehicle,192
vegetable,193
vast,194
vary,195
various,196
variety,197
variation,198
variable,199
vanish,200
van,201
value,202
valuable,203
valley,204
validity,205
valid,206
vacuum,207
vaccine,208
vacation,209
utilize,210
utility,211
usually,212
usual,213
user,214
useful,215
used,216
use,217
us,218
urge,219
urban,220
upstairs,221
upset,222
upper,223
upon,224
update,225
up,226
unusual,227
until,228
unprecedented,229
unlikely,230
unlike,231
unless,232
unknown,233
university,234
universe,235
universal,236
unity,237
United,238
unite,239
unit,240
unique,241
union,242
uniform,243
unhappy,244
unfortunately,245
unfold,246
unfair,247
unexpected,248
unemployment,249
undertake,250
understanding,251
understand,252
undermine,253
underlying,254
undergraduate,255
undergo,256
under,257
uncover,258
uncomfortable,259
uncle,260
uncertainty,261
uncertain,262
unable,263
ultimately,264
ultimate,265
uh,266
ugly,267
typically,268
typical,269
type,270
two-thirds,271
two,272
twist,273
twin,274
twice,275
twenty,276
twentieth,277
twelve,278
TV,279
turn,280
turkey,281
tunnel,282
tune,283
tumor,284
tuck,285
tube,286
to,287
try,288
truth,289
trust,290
trunk,291
truly,292
truck,293
troubled,294
trouble,295
tropical,296
troop,297
triumph,298
trip,299
trim,300
trigger,301
trick,302
tribe,303
tribal,304
trial,305
trend,306
tremendous,307
tree,308
treaty,309
treatment,310
treat,311
treasure,312
tray,313
traveler,314
travel,315
trauma,316
trash,317
trap,318
transportation,319
transport,320
transmit,321
transmission,322
translation,323
translate,324
transition,325
transit,326
transformation,327
transform,328
transfer,329
transaction,330
trait,331
training,332
trainer,333
train,334
trailer,335
trail,336
tragic,337
tragedy,338
traffic,339
traditionally,340
traditional,341
tradition,342
trading,343
trade,344
track,345
trace,346
toy,347
toxic,348
town,349
tower,350
towel,351
towards,352
toward,353
tournament,354
tourist,355
tourism,356
tour,357
tough,358
touchdown,359
touch,360
totally,361
total,362
toss,363
topic,364
top,365
tooth,366
tool,367
too,368
tonight,369
tongue,370
tone,371
tomorrow,372
tomato,373
toll,374
tolerate,375
tolerance,376
toilet,377
together,378
toe,379
today,380
tobacco,381
title,382
tissue,383
tired,384
tire,385
tip,386
tiny,387
timing,388
time,389
timber,390
till,391
tile,392
tightly,393
tighten,394
tight,395
tie,396
tide,397
ticket,398
thus,399
thumb,400
throw,401
throughout,402
through,403
throat,404
thrive,405
threshold,406
three,407
threaten,408
threat,409
thread,410
thousand,411
thought,412
though,413
those,414
thoroughly,415
this,416
thirty,417
third,418
thinking,419
think,420
thing,421
thin,422
thigh,423
thick,424
they,425
these,426
therefore,427
thereby,428
there,429
therapy,430
therapist,431
theory,432
theoretical,433
theology,434
theological,435
then,436
themselves,437
theme,438
them,439
their,440
theater,441
the,442
that,443
Thanksgiving,444
thanks,445
thank,446
than,447
texture,448
textbook,449
text,450
testing,451
testimony,452
testify,453
test,454
terrorist,455
terrorism,456
terror,457
territory,458
terrific,459
terribly,460
terrible,461
terrain,462
terms,463
term,464
tent,465
tension,466
tennis,467
tender,468
tendency,469
tend,470
ten,471
temporary,472
temple,473
temperature,474
tell,475
television,476
telescope,477
telephone,478
teenager,479
teenage,480
teen,481
technology,482
technological,483
technique,484
technician,485
technical,486
teaspoon,487
tear,488
teammate,489
team,490
teaching,491
teacher,492
teach,493
tea,494
taxpayer,495
tax,496
taste,497
task,498
target,499
tape,500
tap,501
tank,502
tall,503
talk,504
talented,505
talent,506
tale,507
take,508
tail,509
tag,510
tactic,511
tackle,512
tablespoon,513
table,514
T-shirt,515
system,516
syndrome,517
symptom,518
sympathy,519
symbolic,520
symbol,521
sword,522
switch,523
swing,524
swimming,525
swim,526
swell,527
sweet,528
sweep,529
sweater,530
sweat,531
swear,532
swallow,533
sustainable,534
sustain,535
suspicious,536
suspicion,537
suspend,538
suspect,539
survivor,540
survive,541
survival,542
survey,543
surveillance,544
surrounding,545
surround,546
surprisingly,547
surprising,548
surprised,549
surprise,550
surgery,551
surgeon,552
surface,553
surely,554
sure,555
Supreme,556
supposedly,557
supposed,558
suppose,559
supportive,560
supporter,561
support,562
supply,563
supplier,564
supervisor,565
supermarket,566
superior,567
super,568
sunny,569
sunlight,570
sun,571
summit,572
summer,573
summary,574
sum,575
suite,576
suitable,577
suit,578
suicide,579
suggestion,580
suggest,581
sugar,582
sufficient,583
suffering,584
suffer,585
sue,586
suddenly,587
sudden,588
suck,589
such,590
successfully,591
successful,592
success,593
succeed,594
suburban,595
suburb,596
subtle,597
substantially,598
substantial,599
substance,600
subsidy,601
subsequent,602
submit,603
subject,604
style,605
stupid,606
stumble,607
stuff,608
study,609
studio,610
student,611
struggle,612
structure,613
structural,614
strongly,615
strong,616
stroke,617
strip,618
string,619
striking,620
strike,621
strictly,622
strict,623
stretch,624
stress,625
strengthen,626
strength,627
street,628
stream,629
streak,630
straw,631
strategy,632
strategic,633
stranger,634
strange,635
strain,636
straighten,637
straight,638
stove,639
story,640
storm,641
store,642
storage,643
stop,644
stone,645
stomach,646
stock,647
stir,648
stimulus,649
stimulate,650
still,651
stiff,652
stick,653
step,654
stem,655
steer,656
steep,657
steel,658
steam,659
steal,660
steak,661
steady,662
steadily,663
stay,664
statute,665
status,666
statue,667
statistics,668
statistical,669
station,670
statement,671
state,672
starting,673
starter,674
start,675
stare,676
star,677
standing,678
standard,679
stand,680
stance,681
stake,682
stair,683
stage,684
staff,685
stadium,686
stack,687
stable,688
stability,689
squeeze,690
square,691
squad,692
spy,693
sprinkle,694
spring,695
spread,696
spray,697
spouse,698
spot,699
sport,700
spoon,701
sponsor,702
spokesman,703
split,704
spite,705
spit,706
spiritual,707
spirit,708
spine,709
spin,710
spill,711
sphere,712
spending,713
spend,714
spell,715
speed,716
speech,717
speculation,718
speculate,719
spectrum,720
spectacular,721
specify,722
specifically,723
specific,724
species,725
specialty,726
specialize,727
specialist,728
special,729
speaker,730
speak,731
spark,732
spare,733
Spanish,734
space,735
Soviet,736
sovereignty,737
southwest,738
southern,739
southeast,740
south,741
source,742
soup,743
sound,744
soul,745
sort,746
sorry,747
sophisticated,748
soon,749
song,750
son,751
somewhere,752
somewhat,753
sometimes,754
sometime,755
something,756
someone,757
somehow,758
someday,759
somebody,760
some,761
solve,762
solution,763
solid,764
solely,765
sole,766
soldier,767
solar,768
soil,769
software,770
softly,771
soften,772
soft,773
sofa,774
sodium,775
sock,776
society,777
socially,778
social,779
soccer,780
soar,781
soap,782
soak,783
so-called,784
so,785
snow,786
sneak,787
snap,788
snake,789
smooth,790
smoke,791
smile,792
smell,793
smart,794
small,795
slowly,796
slow,797
slot,798
slope,799
slip,800
slightly,801
slight,802
slide,803
slice,804
sleeve,805
sleep,806
slavery,807
slave,808
slap,809
slam,810
sky,811
skull,812
skirt,813
skip,814
skin,815
skilled,816
skill,817
ski,818
size,819
sixth,820
six,821
situation,822
site,823
sit,824
sister,825
sir,826
sink,827
single,828
singer,829
sing,830
since,831
sin,832
simultaneously,833
simply,834
simple,835
similarly,836
similarity,837
similar,838
silver,839
silly,840
silk,841
silent,842
silence,843
significantly,844
significant,845
significance,846
signature,847
signal,848
sign,849
sight,850
sigh,851
sidewalk,852
side,853
sick,854
sibling,855
shy,856
shuttle,857
shut,858
shrug,859
shrink,860
shrimp,861
shower,862
show,863
shove,864
shout,865
shoulder,866
should,867
shot,868
shorts,869
shortly,870
shortage,871
short-term,872
short,873
shore,874
shopping,875
shop,876
shooting,877
shoot,878
shoe,879
shock,880
shit,881
shirt,882
ship,883
shine,884
shift,885
shelter,886
shell,887
shelf,888
sheet,889
sheer,890
sheep,891
shed,892
she,893
sharply,894
sharp,895
shark,896
shareholder,897
shared,898
share,899
shape,900
shame,901
shallow,902
shall,903
shake,904
shadow,905
shade,906
sexy,907
sexually,908
sexuality,909
sexual,910
sex,911
severely,912
severe,913
several,914
seventh,915
seven,916
settlement,917
settle,918
setting,919
set,920
session,921
serving,922
service,923
serve,924
servant,925
seriously,926
serious,927
series,928
sequence,929
separation,930
separate,931
sentiment,932
sentence,933
sensitivity,934
sensitive,935
sense,936
sensation,937
senior,938
send,939
senator,940
Senate,941
seminar,942
seller,943
sell,944
self-esteem,945
self,946
selection,947
selected,948
select,949
seldom,950
seize,951
segment,952
seemingly,953
seem,954
seek,955
seed,956
see,957
security,958
secure,959
secular,960
sector,961
section,962
secretary,963
secret,964
secondary,965
second,966
seat,967
season,968
search,969
seal,970
sea,971
sculpture,972
script,973
screw,974
screening,975
screen,976
scream,977
scratch,978
scramble,979
score,980
scope,981
scientist,982
scientific,983
science,984
school,985
scholarship,986
scholar,987
scheme,988
schedule,989
scent,990
scene,991
scenario,992
scatter,993
scary,994
scared,995
scare,996
scandal,997
scan,998
scale,999
say,1000
saving,1001
save,1002
sauce,1003
satisfy,1004
satisfaction,1005
satellite,1006
sandwich,1007
sand,1008
sanction,1009
sample,1010
same,1011
salt,1012
salmon,1013
sales,1014
sale,1015
salary,1016
salad,1017
sake,1018
sail,1019
safety,1020
safely,1021
safe,1022
sad,1023
sacrifice,1024
sacred,1025
sack,1026
Russian,1027
rush,1028
rural,1029
running,1030
runner,1031
run,1032
rumor,1033
ruling,1034
rule,1035
ruin,1036
rubber,1037
rub,1038
royal,1039
row,1040
routinely,1041
routine,1042
route,1043
round,1044
roughly,1045
rough,1046
rose,1047
rope,1048
root,1049
room,1050
roof,1051
romantic,1052
romance,1053
Roman,1054
rolling,1055
roll,1056
role,1057
rod,1058
rocket,1059
rock,1060
robot,1061
road,1062
river,1063
rival,1064
ritual,1065
risky,1066
risk,1067
rise,1068
rip,1069
riot,1070
ring,1071
rim,1072
right,1073
rifle,1074
ridiculous,1075
ridge,1076
rider,1077
ride,1078
rid,1079
rich,1080
rice,1081
ribbon,1082
rib,1083
rhythm,1084
rhetoric,1085
reward,1086
revolutionary,1087
revolution,1088
review,1089
reverse,1090
revenue,1091
revelation,1092
reveal,1093
return,1094
retreat,1095
retirement,1096
retired,1097
retire,1098
retain,1099
retailer,1100
retail,1101
resume,1102
result,1103
restriction,1104
restrict,1105
restore,1106
restaurant,1107
rest,1108
responsible,1109
responsibility,1110
response,1111
respondent,1112
respond,1113
respectively,1114
respect,1115
resource,1116
resort,1117
resolve,1118
resolution,1119
resistance,1120
resist,1121
resign,1122
residential,1123
resident,1124
residence,1125
reserve,1126
reservation,1127
resemble,1128
researcher,1129
research,1130
rescue,1131
requirement,1132
required,1133
require,1134
request,1135
reputation,1136
Republican,1137
republic,1138
representative,1139
representation,1140
represent,1141
reporting,1142
reporter,1143
reportedly,1144
report,1145
reply,1146
replacement,1147
replace,1148
repeatedly,1149
repeat,1150
repair,1151
rental,1152
rent,1153
render,1154
remove,1155
removal,1156
remote,1157
reminder,1158
remind,1159
remember,1160
remarkable,1161
remark,1162
remaining,1163
remain,1164
rely,1165
reluctant,1166
religious,1167
religion,1168
relieve,1169
relief,1170
reliable,1171
reliability,1172
relevant,1173
release,1174
relax,1175
relatively,1176
relative,1177
relationship,1178
relation,1179
related,1180
relate,1181
reject,1182
reinforce,1183
rehabilitation,1184
regulatory,1185
regulator,1186
regulation,1187
regulate,1188
regularly,1189
regular,1190
regret,1191
register,1192
regional,1193
region,1194
regime,1195
regardless,1196
regarding,1197
regard,1198
regain,1199
refuse,1200
refugee,1201
refuge,1202
refrigerator,1203
reform,1204
reflection,1205
reflect,1206
reference,1207
refer,1208
reduction,1209
reduce,1210
red,1211
recruit,1212
recovery,1213
recover,1214
recording,1215
record,1216
recommendation,1217
recommend,1218
recognize,1219
recognition,1220
recipient,1221
recipe,1222
recession,1223
reception,1224
recently,1225
recent,1226
receiver,1227
receive,1228
recall,1229
rebuild,1230
rebel,1231
reasonable,1232
reason,1233
rear,1234
realm,1235
really,1236
realize,1237
reality,1238
realistic,1239
real,1240
ready,1241
reading,1242
readily,1243
reader,1244
read,1245
reaction,1246
react,1247
reach,1248
re,1249
raw,1250
rational,1251
ratio,1252
rating,1253
rather,1254
rate,1255
rat,1256
rarely,1257
rare,1258
rapidly,1259
rapid,1260
rape,1261
rank,1262
range,1263
random,1264
ranch,1265
rally,1266
raise,1267
rain,1268
railroad,1269
rail,1270
rage,1271
radio,1272
radical,1273
radiation,1274
radar,1275
rack,1276
racism,1277
racial,1278
race,1279
rabbit,1280
quote,1281
quite,1282
quit,1283
quietly,1284
quiet,1285
quickly,1286
quick,1287
questionnaire,1288
question,1289
quest,1290
queen,1291
quarterback,1292
quarter,1293
quantity,1294
quality,1295
qualify,1296
puzzle,1297
put,1298
push,1299
pursuit,1300
pursue,1301
purse,1302
purpose,1303
purple,1304
pure,1305
purchase,1306
punishment,1307
punish,1308
punch,1309
pump,1310
pulse,1311
pull,1312
publisher,1313
publish,1314
publicly,1315
publicity,1316
publication,1317
public,1318
psychology,1319
psychologist,1320
psychological,1321
provoke,1322
provision,1323
province,1324
provider,1325
provided,1326
provide,1327
prove,1328
proud,1329
protocol,1330
protest,1331
protein,1332
protective,1333
protection,1334
protect,1335
prospect,1336
prosecutor,1337
prosecution,1338
proposed,1339
propose,1340
proposal,1341
proportion,1342
property,1343
properly,1344
proper,1345
proof,1346
prompt,1347
promotion,1348
promote,1349
promising,1350
promise,1351
prominent,1352
projection,1353
project,1354
prohibit,1355
progressive,1356
progress,1357
programming,1358
program,1359
profound,1360
profit,1361
profile,1362
professor,1363
professional,1364
profession,1365
productivity,1366
productive,1367
production,1368
product,1369
producer,1370
produce,1371
proclaim,1372
processor,1373
processing,1374
process,1375
proceed,1376
procedure,1377
problem,1378
probably,1379
pro,1380
prize,1381
privilege,1382
privately,1383
private,1384
privacy,1385
prisoner,1386
prison,1387
priority,1388
prior,1389
print,1390
principle,1391
principal,1392
prime,1393
primary,1394
primarily,1395
priest,1396
pride,1397
price,1398
previously,1399
previous,1400
prevention,1401
prevent,1402
prevail,1403
pretty,1404
pretend,1405
presumably,1406
pressure,1407
press,1408
presidential,1409
president,1410
presidency,1411
preserve,1412
presentation,1413
present,1414
presence,1415
prescription,1416
prepare,1417
preparation,1418
premium,1419
premise,1420
preliminary,1421
pregnant,1422
pregnancy,1423
preference,1424
prefer,1425
prediction,1426
predict,1427
predator,1428
precisely,1429
precise,1430
precious,1431
preach,1432
prayer,1433
pray,1434
praise,1435
practitioner,1436
practice,1437
practically,1438
practical,1439
powerful,1440
power,1441
powder,1442
poverty,1443
pour,1444
pound,1445
potentially,1446
potential,1447
potato,1448
pot,1449
poster,1450
post,1451
possibly,1452
possible,1453
possibility,1454
possession,1455
possess,1456
positive,1457
position,1458
pose,1459
portray,1460
portrait,1461
portion,1462
portfolio,1463
port,1464
pork,1465
porch,1466
population,1467
popularity,1468
popular,1469
pop,1470
poor,1471
pool,1472
pond,1473
pollution,1474
poll,1475
politics,1476
politician,1477
politically,1478
political,1479
policy,1480
policeman,1481
police,1482
pole,1483
poke,1484
point,1485
poetry,1486
poet,1487
poem,1488
pocket,1489
PM,1490
plus,1491
plunge,1492
plot,1493
plenty,1494
pleasure,1495
pleased,1496
please,1497
pleasant,1498
plead,1499
plea,1500
playoff,1501
player,1502
play,1503
platform,1504
plate,1505
plastic,1506
plant,1507
planning,1508
planner,1509
planet,1510
plane,1511
plan,1512
plain,1513
placement,1514
place,1515
pizza,1516
pitcher,1517
pitch,1518
pit,1519
pipe,1520
pioneer,1521
pink,1522
pine,1523
pin,1524
pilot,1525
pillow,1526
pill,1527
pile,1528
pig,1529
piece,1530
pie,1531
picture,1532
pickup,1533
pick,1534
piano,1535
physics,1536
physician,1537
physically,1538
physical,1539
phrase,1540
photography,1541
photographer,1542
photograph,1543
photo,1544
phone,1545
philosophy,1546
philosophical,1547
phenomenon,1548
phase,1549
pet,1550
persuade,1551
perspective,1552
personnel,1553
personally,1554
personality,1555
personal,1556
person,1557
persist,1558
Persian,1559
permit,1560
permission,1561
permanent,1562
period,1563
perhaps,1564
performer,1565
performance,1566
perform,1567
perfectly,1568
perfect,1569
perception,1570
percentage,1571
perceived,1572
perceive,1573
per,1574
pepper,1575
people,1576
pension,1577
pencil,1578
penalty,1579
pen,1580
peer,1581
peel,1582
peasant,1583
peanut,1584
peak,1585
peaceful,1586
peace,1587
PC,1588
payment,1589
pay,1590
pause,1591
pattern,1592
patron,1593
patrol,1594
patient,1595
patience,1596
path,1597
patent,1598
patch,1599
pat,1600
pastor,1601
pasta,1602
past,1603
passion,1604
passing,1605
passenger,1606
passage,1607
pass,1608
party,1609
partnership,1610
partner,1611
partly,1612
particularly,1613
particular,1614
particle,1615
participation,1616
participate,1617
participant,1618
partially,1619
partial,1620
part,1621
parking,1622
park,1623
parish,1624
parental,1625
parent,1626
parade,1627
paper,1628
pant,1629
panic,1630
panel,1631
pan,1632
palm,1633
Palestinian,1634
pale,1635
palace,1636
pair,1637
painting,1638
painter,1639
paint,1640
painful,1641
pain,1642
page,1643
pad,1644
package,1645
pack,1646
pace,1647
oxygen,1648
ownership,1649
owner,1650
own,1651
owe,1652
overwhelming,1653
overwhelm,1654
oversee,1655
overnight,1656
overlook,1657
overcome,1658
overall,1659
over,1660
oven,1661
outstanding,1662
outsider,1663
outside,1664
output,1665
outline,1666
outlet,1667
outfit,1668
outer,1669
outdoor,1670
outcome,1671
out,1672
ourselves,1673
ours,1674
our,1675
ought,1676
otherwise,1677
others,1678
other,1679
originally,1680
original,1681
origin,1682
orientation,1683
organized,1684
organize,1685
organizational,1686
organization,1687
organism,1688
organic,1689
organ,1690
ordinary,1691
order,1692
orbit,1693
orange,1694
oral,1695
or,1696
option,1697
optimistic,1698
opt,1699
opposition,1700
opposite,1701
opposed,1702
oppose,1703
opportunity,1704
opponent,1705
opinion,1706
operator,1707
operation,1708
operating,1709
operate,1710
opera,1711
openly,1712
opening,1713
open,1714
onto,1715
only,1716
online,1717
onion,1718
ongoing,1719
one-third,1720
one,1721
once,1722
on,1723
Olympics,1724
Olympic,1725
old-fashioned,1726
old,1727
okay,1728
ok,1729
oil,1730
oh,1731
often,1732
officially,1733
official,1734
officer,1735
office,1736
offering,1737
offer,1738
offensive,1739
offense,1740
offender,1741
off,1742
of,1743
odds,1744
odd,1745
ocean,1746
occur,1747
occupy,1748
occupation,1749
occasionally,1750
occasional,1751
occasion,1752
obviously,1753
obvious,1754
obtain,1755
obstacle,1756
observer,1757
observe,1758
observation,1759
obligation,1760
objective,1761
objection,1762
object,1763
oak,1764
o'clock,1765
nutrient,1766
nut,1767
nurse,1768
numerous,1769
number,1770
nuclear,1771
nowhere,1772
now,1773
novel,1774
notion,1775
notice,1776
nothing,1777
notebook,1778
note,1779
not,1780
nose,1781
northwest,1782
northern,1783
northeast,1784
north,1785
normally,1786
normal,1787
norm,1788
nor,1789
noon,1790
nonprofit,1791
nonetheless,1792
none,1793
nominee,1794
nomination,1795
noise,1796
nod,1797
nobody,1798
no,1799
nine,1800
nightmare,1801
night,1802
nice,1803
next,1804
newspaper,1805
news,1806
newly,1807
new,1808
nevertheless,1809
never,1810
neutral,1811
network,1812
net,1813
nest,1814
nervous,1815
nerve,1816
neither,1817
neighboring,1818
neighborhood,1819
neighbor,1820
negotiation,1821
negotiate,1822
negative,1823
needle,1824
need,1825
neck,1826
necessity,1827
necessary,1828
necessarily,1829
neat,1830
nearly,1831
nearby,1832
near,1833
nature,1834
naturally,1835
natural,1836
native,1837
nationwide,1838
national,1839
nation,1840
nasty,1841
narrow,1842
narrative,1843
name,1844
naked,1845
nail,1846
myth,1847
mystery,1848
mysterious,1849
myself,1850
my,1851
mutual,1852
mutter,1853
must,1854
Muslim,1855
musician,1856
musical,1857
music,1858
mushroom,1859
museum,1860
muscle,1861
murder,1862
municipal,1863
multiple,1864
mud,1865
much,1866
Ms,1867
Mrs,1868
Mr,1869
movie,1870
movement,1871
move,1872
mouth,1873
mouse,1874
mountain,1875
mount,1876
motor,1877
motive,1878
motivation,1879
motivate,1880
motion,1881
mother,1882
mostly,1883
most,1884
mortgage,1885
mortality,1886
morning,1887
moreover,1888
more,1889
moral,1890
moon,1891
mood,1892
monument,1893
monthly,1894
month,1895
monster,1896
monkey,1897
monitor,1898
money,1899
momentum,1900
moment,1901
mom,1902
molecule,1903
modify,1904
modest,1905
modern,1906
moderate,1907
model,1908
mode,1909
mobile,1910
mm-hmm,1911
mixture,1912
mixed,1913
mix,1914
mistake,1915
missionary,1916
mission,1917
missing,1918
missile,1919
miss,1920
mirror,1921
miracle,1922
minute,1923
minority,1924
minor,1925
ministry,1926
minister,1927
minimum,1928
minimize,1929
minimal,1930
mineral,1931
mine,1932
mind,1933
million,1934
mill,1935
milk,1936
military,1937
mild,1938
migration,1939
might,1940
midst,1941
midnight,1942
middle,1943
Mexican,1944
metropolitan,1945
method,1946
meter,1947
metaphor,1948
metal,1949
message,1950
mess,1951
merit,1952
merely,1953
mere,1954
merchant,1955
menu,1956
mentor,1957
mention,1958
mentally,1959
mental,1960
memory,1961
membership,1962
member,1963
melt,1964
meeting,1965
meet,1966
medium,1967
medicine,1968
medication,1969
medical,1970
media,1971
medal,1972
mechanism,1973
mechanical,1974
mechanic,1975
meat,1976
measurement,1977
measure,1978
meanwhile,1979
meantime,1980
meaningful,1981
meaning,1982
mean,1983
meal,1984
me,1985
mayor,1986
maybe,1987
may,1988
maximum,1989
matter,1990
mathematics,1991
math,1992
material,1993
mate,1994
match,1995
master,1996
massive,1997
mass,1998
mask,1999
marry,2000
married,2001
marriage,2002
marketplace,2003
marketing,2004
market,2005
marker,2006
mark,2007
marine,2008
margin,2009
march,2010
marble,2011
map,2012
many,2013
manufacturing,2014
manufacturer,2015
mansion,2016
manner,2017
manipulate,2018
mandate,2019
managing,2020
manager,2021
management,2022
manage,2023
man,2024
mall,2025
male,2026
makeup,2027
maker,2028
make,2029
majority,2030
major,2031
maintenance,2032
maintain,2033
mainstream,2034
mainly,2035
main,2036
mail,2037
magnitude,2038
magnetic,2039
magic,2040
magazine,2041
mad,2042
machine,2043
lung,2044
lunch,2045
lucky,2046
luck,2047
loyalty,2048
loyal,2049
lower,2050
low,2051
lover,2052
lovely,2053
love,2054
loud,2055
lots,2056
lot,2057
lost,2058
loss,2059
lose,2060
loose,2061
loop,2062
look,2063
longtime,2064
long-term,2065
long,2066
lonely,2067
logical,2068
logic,2069
log,2070
lock,2071
location,2072
locate,2073
local,2074
lobby,2075
loan,2076
load,2077
living,2078
liver,2079
live,2080
little,2081
literature,2082
literary,2083
literally,2084
listener,2085
listen,2086
list,2087
liquid,2088
lip,2089
lion,2090
link,2091
line,2092
limited,2093
limitation,2094
limit,2095
limb,2096
likewise,2097
likely,2098
likelihood,2099
like,2100
lightning,2101
lightly,2102
lighting,2103
light,2104
lift,2105
lifetime,2106
lifestyle,2107
life,2108
lie,2109
lid,2110
license,2111
library,2112
liberty,2113
liberal,2114
liability,2115
level,2116
letter,2117
let,2118
lesson,2119
less,2120
lens,2121
length,2122
lend,2123
lemon,2124
legitimate,2125
legislature,2126
legislator,2127
legislative,2128
legislation,2129
legend,2130
legally,2131
legal,2132
legacy,2133
leg,2134
left,2135
lecture,2136
leave,2137
leather,2138
least,2139
learning,2140
learn,2141
leap,2142
lean,2143
league,2144
leaf,2145
leading,2146
leadership,2147
leader,2148
lead,2149
layer,2150
lay,2151
lawyer,2152
lawsuit,2153
lawn,2154
lawmaker,2155
law,2156
launch,2157
laughter,2158
laugh,2159
latter,2160
Latin,2161
later,2162
lately,2163
late,2164
last,2165
laser,2166
largely,2167
large,2168
lap,2169
language,2170
lane,2171
landscape,2172
landmark,2173
landing,2174
land,2175
lamp,2176
lake,2177
lady,2178
ladder,2179
lack,2180
laboratory,2181
labor,2182
label,2183
lab,2184
Korean,2185
known,2186
knowledge,2187
know,2188
knock,2189
knife,2190
kneel,2191
knee,2192
kitchen,2193
kit,2194
kiss,2195
kingdom,2196
king,2197
kind,2198
killing,2199
killer,2200
kill,2201
kid,2202
kick,2203
key,2204
keep,2205
justify,2206
justice,2207
just,2208
jury,2209
juror,2210
jurisdiction,2211
junior,2212
jungle,2213
jump,2214
juice,2215
judicial,2216
judgment,2217
judge,2218
joy,2219
journey,2220
journalist,2221
journalism,2222
journal,2223
joke,2224
joint,2225
join,2226
job,2227
Jewish,2228
jewelry,2229
Jew,2230
jet,2231
jeans,2232
jazz,2233
jaw,2234
jar,2235
Japanese,2236
jail,2237
jacket,2238
itself,2239
its,2240
item,2241
Italian,2242
it,2243
issue,2244
Israeli,2245
isolation,2246
isolated,2247
isolate,2248
island,2249
Islamic,2250
Islam,2251
irony,2252
ironically,2253
iron,2254
Irish,2255
Iraqi,2256
involvement,2257
involved,2258
involve,2259
invite,2260
invitation,2261
invisible,2262
investor,2263
investment,2264
investigator,2265
investigation,2266
investigate,2267
invest,2268
inventory,2269
invention,2270
invent,2271
invasion,2272
invade,2273
introduction,2274
introduce,2275
into,2276
intimate,2277
interview,2278
intervention,2279
interval,2280
interrupt,2281
interpretation,2282
interpret,2283
Internet,2284
international,2285
internal,2286
interior,2287
interfere,2288
interesting,2289
interested,2290
interest,2291
interaction,2292
interact,2293
intention,2294
intent,2295
intensity,2296
intense,2297
intend,2298
intelligent,2299
intelligence,2300
intellectual,2301
integrity,2302
integration,2303
integrated,2304
integrate,2305
intact,2306
insurance,2307
instrument,2308
instructor,2309
instructional,2310
instruction,2311
instruct,2312
institutional,2313
institution,2314
instinct,2315
instead,2316
instantly,2317
instant,2318
instance,2319
installation,2320
install,2321
inspire,2322
inspiration,2323
inspector,2324
inspection,2325
insist,2326
insight,2327
inside,2328
insert,2329
insect,2330
inquiry,2331
input,2332
innovative,2333
innovation,2334
innocent,2335
inner,2336
inmate,2337
injury,2338
injure,2339
initiative,2340
initiate,2341
initially,2342
initial,2343
inherit,2344
inherent,2345
ingredient,2346
infrastructure,2347
information,2348
informal,2349
inform,2350
influential,2351
influence,2352
inflation,2353
infection,2354
infant,2355
inevitably,2356
inevitable,2357
industry,2358
industrial,2359
individual,2360
indigenous,2361
indicator,2362
indication,2363
indicate,2364
Indian,2365
index,2366
independent,2367
independence,2368
indeed,2369
incredibly,2370
incredible,2371
increasingly,2372
increasing,2373
increased,2374
increase,2375
incorporate,2376
income,2377
including,2378
include,2379
incident,2380
incentive,2381
in,2382
impulse,2383
improvement,2384
improved,2385
improve,2386
impressive,2387
impression,2388
impress,2389
impossible,2390
impose,2391
importantly,2392
important,2393
importance,2394
import,2395
imply,2396
implication,2397
implementation,2398
implement,2399
impact,2400
immune,2401
immigration,2402
immigrant,2403
immediately,2404
immediate,2405
imagine,2406
imagination,2407
image,2408
illustrate,2409
illusion,2410
illness,2411
illegal,2412
ill,2413
if,2414
ignore,2415
ie,2416
ideology,2417
ideological,2418
identity,2419
identify,2420
identification,2421
identical,2422
ideal,2423
idea,2424
icon,2425
ice,2426
I,2427
hypothesis,2428
husband,2429
hurt,2430
hurry,2431
hurricane,2432
hunting,2433
hunter,2434
hunt,2435
hungry,2436
hunger,2437
hundred,2438
humor,2439
humanity,2440
human,2441
huh,2442
huge,2443
hug,2444
however,2445
how,2446
housing,2447
household,2448
house,2449
hour,2450
hotel,2451
hot,2452
hostile,2453
hostage,2454
host,2455
hospital,2456
horse,2457
horror,2458
horrible,2459
horn,2460
hormone,2461
horizon,2462
hopefully,2463
hope,2464
hook,2465
honor,2466
honey,2467
honestly,2468
honest,2469
homework,2470
homeless,2471
homeland,2472
home,2473
holy,2474
holiday,2475
hole,2476
hold,2477
hockey,2478
hit,2479
history,2480
historically,2481
historical,2482
historic,2483
historian,2484
Hispanic,2485
his,2486
hire,2487
hip,2488
hint,2489
himself,2490
him,2491
hill,2492
hike,2493
highway,2494
highly,2495
highlight,2496
high-tech,2497
high,2498
hide,2499
hidden,2500
hi,2501
hey,2502
hesitate,2503
herself,2504
hers,2505
hero,2506
heritage,2507
here,2508
herb,2509
her,2510
hence,2511
helpful,2512
help,2513
helmet,2514
hello,2515
hell,2516
helicopter,2517
height,2518
heel,2519
heavy,2520
heavily,2521
heaven,2522
heat,2523
heart,2524
hearing,2525
hear,2526
healthy,2527
health-care,2528
health,2529
heal,2530
headquarters,2531
headline,2532
headache,2533
head,2534
he,2535
hazard,2536
hay,2537
have,2538
haul,2539
hate,2540
hat,2541
harvest,2542
harsh,2543
harmony,2544
harm,2545
hardware,2546
hardly,2547
hard,2548
harassment,2549
happy,2550
happiness,2551
happily,2552
happen,2553
hang,2554
handsome,2555
handle,2556
handful,2557
hand,2558
hallway,2559
hall,2560
halfway,2561
half,2562
hair,2563
habitat,2564
habit,2565
ha,2566
gym,2567
guy,2568
gut,2569
gun,2570
guitar,2571
guilty,2572
guilt,2573
guideline,2574
guide,2575
guidance,2576
guest,2577
guess,2578
guard,2579
guarantee,2580
growth,2581
growing,2582
grow,2583
group,2584
ground,2585
gross,2586
grocery,2587
grip,2588
grin,2589
grief,2590
greet,2591
green,2592
Greek,2593
greatly,2594
greatest,2595
great,2596
gray,2597
gravity,2598
grave,2599
grateful,2600
grass,2601
grasp,2602
grape,2603
grant,2604
grandparent,2605
grandmother,2606
grandfather,2607
grandchild,2608
grand,2609
grain,2610
graduation,2611
graduate,2612
gradually,2613
grade,2614
grace,2615
grab,2616
governor,2617
government,2618
govern,2619
good,2620
golf,2621
golden,2622
gold,2623
God,2624
goat,2625
goal,2626
go,2627
glove,2628
glory,2629
globe,2630
global,2631
glimpse,2632
glass,2633
glance,2634
glad,2635
given,2636
give,2637
girlfriend,2638
girl,2639
gifted,2640
gift,2641
giant,2642
ghost,2643
get,2644
gesture,2645
German,2646
genuine,2647
gently,2648
gentleman,2649
gentle,2650
genre,2651
genius,2652
genetic,2653
generous,2654
generation,2655
generate,2656
generally,2657
general,2658
gene,2659
gender,2660
gear,2661
gaze,2662
gay,2663
gathering,2664
gather,2665
gate,2666
gasoline,2667
gas,2668
garlic,2669
garden,2670
garbage,2671
garage,2672
gap,2673
gang,2674
game,2675
gallery,2676
galaxy,2677
gain,2678
future,2679
furthermore,2680
furniture,2681
fur,2682
funny,2683
funeral,2684
funding,2685
fundamental,2686
fund,2687
functional,2688
function,2689
fun,2690
fully,2691
full-time,2692
full,2693
fuel,2694
fucking,2695
frustration,2696
frustrate,2697
fruit,2698
frozen,2699
frown,2700
frontier,2701
front,2702
from,2703
friendship,2704
friendly,2705
friend,2706
freshman,2707
fresh,2708
frequently,2709
frequent,2710
frequency,2711
French,2712
freeze,2713
freely,2714
freedom,2715
free,2716
fraud,2717
frankly,2718
franchise,2719
framework,2720
frame,2721
fragment,2722
fragile,2723
fraction,2724
fourth,2725
four,2726
founder,2727
foundation,2728
found,2729
foster,2730
forward,2731
forum,2732
forty,2733
fortune,2734
fortunately,2735
forth,2736
formula,2737
formerly,2738
former,2739
formation,2740
format,2741
formal,2742
form,2743
fork,2744
forgive,2745
forget,2746
forever,2747
forest,2748
foreigner,2749
foreign,2750
forehead,2751
force,2752
forbid,2753
for,2754
football,2755
foot,2756
fool,2757
food,2758
following,2759
follow,2760
folk,2761
fold,2762
fog,2763
focus,2764
flying,2765
fly,2766
fluid,2767
flower,2768
flow,2769
flour,2770
floor,2771
flood,2772
float,2773
flip,2774
flight,2775
flexible,2776
flexibility,2777
flesh,2778
fleet,2779
flee,2780
flavor,2781
flat,2782
flash,2783
flame,2784
flag,2785
fixed,2786
fix,2787
five,2788
fitness,2789
fit,2790
fist,2791
fishing,2792
fisherman,2793
fish,2794
fiscal,2795
first,2796
firmly,2797
firm,2798
fire,2799
finish,2800
finger,2801
fine,2802
finding,2803
find,2804
financial,2805
finance,2806
finally,2807
final,2808
filter,2809
film,2810
fill,2811
file,2812
figure,2813
fighting,2814
fighter,2815
fight,2816
fifty,2817
fifth,2818
fifteen,2819
fierce,2820
field,2821
fiction,2822
fiber,2823
fewer,2824
few,2825
fever,2826
festival,2827
fence,2828
feminist,2829
female,2830
fellow,2831
feeling,2832
feel,2833
feedback,2834
feed,2835
fee,2836
federal,2837
feature,2838
feather,2839
fear,2840
favorite,2841
favorable,2842
favor,2843
fault,2844
fatigue,2845
father,2846
fate,2847
fatal,2848
fat,2849
faster,2850
fast,2851
fashion,2852
fascinating,2853
farmer,2854
farm,2855
fare,2856
far,2857
fantasy,2858
fantastic,2859
fan,2860
famous,2861
family,2862
familiar,2863
fame,2864
fall,2865
faith,2866
fairly,2867
fair,2868
faint,2869
failure,2870
fail,2871
fade,2872
faculty,2873
factory,2874
factor,2875
fact,2876
facility,2877
facilitate,2878
face,2879
fabric,2880
eyebrow,2881
eye,2882
extremely,2883
extreme,2884
extraordinary,2885
extra,2886
external,2887
extent,2888
extensive,2889
extension,2890
extended,2891
extend,2892
expression,2893
express,2894
exposure,2895
expose,2896
export,2897
explosion,2898
explore,2899
exploration,2900
exploit,2901
explode,2902
explicit,2903
explanation,2904
explain,2905
expertise,2906
expert,2907
experimental,2908
experiment,2909
experienced,2910
experience,2911
expensive,2912
expense,2913
expedition,2914
expected,2915
expectation,2916
expect,2917
expansion,2918
expand,2919
exotic,2920
exit,2921
existing,2922
existence,2923
exist,2924
exhibition,2925
exhibit,2926
exhaust,2927
exercise,2928
executive,2929
execution,2930
execute,2931
excuse,2932
exclusively,2933
exclusive,2934
exclude,2935
exciting,2936
excitement,2937
excited,2938
exchange,2939
excessive,2940
exception,2941
except,2942
excellent,2943
exceed,2944
example,2945
examine,2946
examination,2947
exam,2948
exactly,2949
exact,2950
evolve,2951
evolution,2952
evil,2953
evident,2954
evidence,2955
everywhere,2956
everything,2957
everyone,2958
everyday,2959
everybody,2960
every,2961
ever,2962
eventually,2963
event,2964
evening,2965
even,2966
evaluation,2967
evaluate,2968
European,2969
ethnic,2970
ethics,2971
ethical,2972
etc,2973
estimated,2974
estimate,2975
estate,2976
establishment,2977
establish,2978
essentially,2979
essential,2980
essence,2981
essay,2982
especially,2983
escape,2984
error,2985
era,2986
equivalent,2987
equity,2988
equipment,2989
equip,2990
equation,2991
equally,2992
equality,2993
equal,2994
episode,2995
epidemic,2996
envision,2997
environmental,2998
environment,2999
envelope,3000
entry,3001
entrepreneur,3002
entrance,3003
entity,3004
entitle,3005
entirely,3006
entire,3007
enthusiasm,3008
entertainment,3009
enterprise,3010
enter,3011
ensure,3012
enroll,3013
enough,3014
enormous,3015
enjoy,3016
enhance,3017
English,3018
engineering,3019
engineer,3020
engine,3021
engagement,3022
engage,3023
enforcement,3024
enforce,3025
energy,3026
enemy,3027
endure,3028
endorse,3029
endless,3030
end,3031
encouraging,3032
encourage,3033
encounter,3034
enact,3035
enable,3036
empty,3037
employment,3038
employer,3039
employee,3040
employ,3041
empire,3042
emphasize,3043
emphasis,3044
emotionally,3045
emotional,3046
emotion,3047
emission,3048
emerging,3049
emergency,3050
emerge,3051
embrace,3052
embarrassed,3053
elsewhere,3054
else,3055
elite,3056
eliminate,3057
eligible,3058
eleven,3059
elevator,3060
elephant,3061
elementary,3062
element,3063
elegant,3064
electronics,3065
electronic,3066
electricity,3067
electrical,3068
electric,3069
election,3070
elect,3071
elderly,3072
elder,3073
elbow,3074
elaborate,3075
either,3076
eighth,3077
eight,3078
ego,3079
egg,3080
effort,3081
efficient,3082
efficiency,3083
effectiveness,3084
effectively,3085
effective,3086
effect,3087
educator,3088
educational,3089
education,3090
educate,3091
editor,3092
edition,3093
edit,3094
edge,3095
ecosystem,3096
economy,3097
economist,3098
economics,3099
economically,3100
economic,3101
ecological,3102
echo,3103
eating,3104
eat,3105
easy,3106
eastern,3107
east,3108
easily,3109
ease,3110
earthquake,3111
earth,3112
earnings,3113
earn,3114
early,3115
ear,3116
eager,3117
each,3118
e-mail,3119
dynamics,3120
dynamic,3121
dying,3122
duty,3123
Dutch,3124
dust,3125
during,3126
dump,3127
dumb,3128
due,3129
duck,3130
dry,3131
drunk,3132
drum,3133
drug,3134
drown,3135
drop,3136
driving,3137
driveway,3138
driver,3139
drive,3140
drinking,3141
drink,3142
drill,3143
drift,3144
dried,3145
dress,3146
dream,3147
drawing,3148
drawer,3149
draw,3150
dramatically,3151
dramatic,3152
drama,3153
drain,3154
drag,3155
draft,3156
dozen,3157
downtown,3158
down,3159
dough,3160
doubt,3161
double,3162
dot,3163
dose,3164
doorway,3165
door,3166
donor,3167
donation,3168
donate,3169
dominate,3170
dominant,3171
domestic,3172
domain,3173
doll,3174
dog,3175
documentary,3176
document,3177
doctrine,3178
doctor,3179
dock,3180
do,3181
DNA,3182
divorce,3183
division,3184
divine,3185
divide,3186
diversity,3187
diverse,3188
disturbing,3189
disturb,3190
district,3191
distribution,3192
distribute,3193
distract,3194
distinguish,3195
distinctive,3196
distinction,3197
distinct,3198
distant,3199
distance,3200
dissolve,3201
dispute,3202
display,3203
disorder,3204
dismiss,3205
disk,3206
dish,3207
disease,3208
discussion,3209
discuss,3210
discrimination,3211
discovery,3212
discover,3213
discourse,3214
discourage,3215
discount,3216
disclose,3217
discipline,3218
disc,3219
disaster,3220
disappointment,3221
disappointed,3222
disappear,3223
disagree,3224
disabled,3225
disability,3226
dirty,3227
dirt,3228
director,3229
directly,3230
direction,3231
direct,3232
diplomatic,3233
diplomat,3234
dip,3235
dinner,3236
dining,3237
diminish,3238
dimension,3239
dilemma,3240
dignity,3241
digital,3242
dig,3243
difficulty,3244
difficult,3245
differently,3246
different,3247
difference,3248
differ,3249
diet,3250
die,3251
dictate,3252
diary,3253
diamond,3254
dialogue,3255
diagnosis,3256
diagnose,3257
diabetes,3258
devote,3259
devil,3260
device,3261
developmental,3262
development,3263
developing,3264
developer,3265
develop,3266
devastating,3267
determine,3268
determination,3269
detective,3270
detect,3271
detailed,3272
detail,3273
destruction,3274
destroy,3275
destination,3276
dessert,3277
despite,3278
desperately,3279
desperate,3280
desk,3281
desire,3282
designer,3283
design,3284
deserve,3285
desert,3286
description,3287
describe,3288
descend,3289
derive,3290
deputy,3291
depth,3292
depression,3293
depressed,3294
deposit,3295
deploy,3296
depict,3297
depending,3298
dependent,3299
depend,3300
departure,3301
department,3302
depart,3303
deny,3304
density,3305
dense,3306
denial,3307
demonstration,3308
demonstrate,3309
demographic,3310
democratic,3311
Democrat,3312
democracy,3313
demand,3314
delivery,3315
deliver,3316
delight,3317
delicate,3318
deliberately,3319
delay,3320
degree,3321
definition,3322
definitely,3323
define,3324
deficit,3325
defensive,3326
defense,3327
defender,3328
defendant,3329
defend,3330
defeat,3331
deer,3332
deeply,3333
deep,3334
deem,3335
dedicate,3336
decrease,3337
decorate,3338
decline,3339
declare,3340
deck,3341
decision,3342
decide,3343
decent,3344
decade,3345
debut,3346
debt,3347
debris,3348
debate,3349
death,3350
dear,3351
dealer,3352
deal,3353
deadly,3354
deadline,3355
dead,3356
day,3357
dawn,3358
daughter,3359
date,3360
database,3361
data,3362
darkness,3363
dark,3364
dare,3365
dangerous,3366
danger,3367
dancing,3368
dancer,3369
dance,3370
damn,3371
damage,3372
dam,3373
daily,3374
dad,3375
cycle,3376
cute,3377
cut,3378
customer,3379
custom,3380
custody,3381
curve,3382
curtain,3383
curriculum,3384
currently,3385
current,3386
currency,3387
curious,3388
curiosity,3389
cure,3390
cup,3391
culture,3392
cultural,3393
cue,3394
Cuban,3395
crystal,3396
cry,3397
crush,3398
cruise,3399
cruel,3400
crucial,3401
crowded,3402
crowd,3403
cross,3404
crop,3405
criticize,3406
criticism,3407
critical,3408
critic,3409
criteria,3410
crisis,3411
criminal,3412
crime,3413
crew,3414
credit,3415
credibility,3416
creature,3417
creativity,3418
creative,3419
creation,3420
create,3421
cream,3422
crazy,3423
crawl,3424
crash,3425
craft,3426
crack,3427
cow,3428
coverage,3429
cover,3430
cousin,3431
courtroom,3432
court,3433
course,3434
courage,3435
couple,3436
coup,3437
county,3438
country,3439
counterpart,3440
counter,3441
count,3442
counselor,3443
counseling,3444
counsel,3445
council,3446
could,3447
couch,3448
cotton,3449
cottage,3450
costume,3451
costly,3452
cost,3453
corruption,3454
corridor,3455
correspondent,3456
correlation,3457
correctly,3458
correct,3459
corporation,3460
corporate,3461
corner,3462
corn,3463
core,3464
cord,3465
copy,3466
cope,3467
cop,3468
coordinator,3469
coordinate,3470
cooperative,3471
cooperation,3472
cooperate,3473
cool,3474
cooking,3475
cookie,3476
cook,3477
convinced,3478
convince,3479
conviction,3480
convict,3481
convey,3482
convert,3483
conversion,3484
conversation,3485
conventional,3486
convention,3487
convenience,3488
controversy,3489
controversial,3490
control,3491
contributor,3492
contribution,3493
contribute,3494
contrast,3495
contractor,3496
contract,3497
continuous,3498
continuing,3499
continued,3500
continue,3501
continent,3502
context,3503
contest,3504
content,3505
contend,3506
contemporary,3507
contemplate,3508
container,3509
contain,3510
contact,3511
consumption,3512
consumer,3513
consume,3514
consultant,3515
consult,3516
construction,3517
construct,3518
constraint,3519
constitutional,3520
constitution,3521
constitute,3522
constantly,3523
constant,3524
conspiracy,3525
consistently,3526
consistent,3527
consist,3528
consideration,3529
considerably,3530
considerable,3531
consider,3532
conservative,3533
conservation,3534
consequently,3535
consequence,3536
consent,3537
consensus,3538
consecutive,3539
consciousness,3540
conscious,3541
conscience,3542
connection,3543
connect,3544
congressional,3545
Congress,3546
confusion,3547
confuse,3548
confrontation,3549
confront,3550
conflict,3551
confirm,3552
confident,3553
confidence,3554
confession,3555
confess,3556
conference,3557
conduct,3558
condition,3559
condemn,3560
concrete,3561
conclusion,3562
conclude,3563
concert,3564
concerning,3565
concerned,3566
concern,3567
conception,3568
concept,3569
concentration,3570
concentrate,3571
conceive,3572
concede,3573
computer,3574
compromise,3575
comprise,3576
comprehensive,3577
compound,3578
composition,3579
compose,3580
component,3581
comply,3582
complicated,3583
compliance,3584
complexity,3585
complex,3586
completely,3587
complete,3588
complaint,3589
complain,3590
competitor,3591
competitive,3592
competition,3593
compete,3594
compensation,3595
compelling,3596
compel,3597
comparison,3598
compare,3599
comparable,3600
company,3601
companion,3602
community,3603
communication,3604
communicate,3605
commonly,3606
common,3607
commodity,3608
committee,3609
commitment,3610
commit,3611
commissioner,3612
commission,3613
commercial,3614
comment,3615
commander,3616
command,3617
coming,3618
comfortable,3619
comfort,3620
comedy,3621
come,3622
combined,3623
combine,3624
combination,3625
combat,3626
columnist,3627
column,3628
colorful,3629
color,3630
colony,3631
colonial,3632
college,3633
collector,3634
collective,3635
collection,3636
collect,3637
colleague,3638
collar,3639
collapse,3640
collaboration,3641
cold,3642
coin,3643
cognitive,3644
coffee,3645
code,3646
cocaine,3647
coat,3648
coastal,3649
coast,3650
coalition,3651
coal,3652
coach,3653
cluster,3654
clue,3655
club,3656
cloud,3657
clothing,3658
clothes,3659
cloth,3660
closet,3661
closest,3662
closer,3663
closely,3664
closed,3665
close,3666
clock,3667
clip,3668
clinical,3669
clinic,3670
cling,3671
climb,3672
climate,3673
cliff,3674
client,3675
click,3676
clerk,3677
clearly,3678
clear,3679
clean,3680
clay,3681
classroom,3682
classify,3683
classical,3684
classic,3685
class,3686
claim,3687
civilization,3688
civilian,3689
civil,3690
civic,3691
city,3692
citizenship,3693
citizen,3694
cite,3695
circumstance,3696
circuit,3697
circle,3698
cigarette,3699
church,3700
chunk,3701
chronic,3702
Christmas,3703
Christianity,3704
Christian,3705
chop,3706
choose,3707
cholesterol,3708
choice,3709
chocolate,3710
chip,3711
Chinese,3712
chin,3713
chill,3714
childhood,3715
child,3716
chief,3717
chicken,3718
chew,3719
chest,3720
chemistry,3721
chemical,3722
chef,3723
cheese,3724
cheer,3725
cheek,3726
check,3727
cheat,3728
cheap,3729
chase,3730
charter,3731
chart,3732
charm,3733
charity,3734
charge,3735
characterize,3736
characteristic,3737
character,3738
chapter,3739
chaos,3740
channel,3741
changing,3742
change,3743
chance,3744
championship,3745
champion,3746
chamber,3747
challenge,3748
chairman,3749
chair,3750
chain,3751
certainly,3752
certain,3753
ceremony,3754
CEO,3755
century,3756
central,3757
center,3758
cemetery,3759
cell,3760
celebrity,3761
celebration,3762
celebrate,3763
ceiling,3764
cease,3765
cave,3766
cause,3767
cattle,3768
Catholic,3769
category,3770
catch,3771
catalog,3772
cat,3773
casualty,3774
casual,3775
cast,3776
casino,3777
cash,3778
case,3779
carve,3780
cartoon,3781
cart,3782
carry,3783
carrot,3784
carrier,3785
carpet,3786
cargo,3787
carefully,3788
careful,3789
career,3790
care,3791
card,3792
carbon,3793
carbohydrate,3794
car,3795
capture,3796
captain,3797
capital,3798
capacity,3799
capable,3800
capability,3801
cap,3802
canvas,3803
candy,3804
candle,3805
candidate,3806
cancer,3807
cancel,3808
Canadian,3809
can,3810
campus,3811
campaign,3812
camp,3813
camera,3814
calm,3815
call,3816
calendar,3817
calculation,3818
calculate,3819
cake,3820
cage,3821
cable,3822
cabinet,3823
cabin,3824
cab,3825
by,3826
buyer,3827
buy,3828
button,3829
butterfly,3830
butter,3831
butt,3832
but,3833
busy,3834
businessman,3835
business,3836
bush,3837
bus,3838
bury,3839
burning,3840
burn,3841
bureau,3842
burden,3843
bunch,3844
bullet,3845
bull,3846
bulk,3847
bulb,3848
building,3849
builder,3850
build,3851
bug,3852
budget,3853
buddy,3854
bucket,3855
buck,3856
bubble,3857
brutal,3858
brush,3859
brown,3860
brother,3861
bronze,3862
broker,3863
broken,3864
broadcast,3865
broad,3866
British,3867
bring,3868
brilliant,3869
bright,3870
briefly,3871
brief,3872
bridge,3873
bride,3874
brick,3875
breeze,3876
breathing,3877
breathe,3878
breath,3879
breast,3880
breakfast,3881
break,3882
bread,3883
brave,3884
brand,3885
branch,3886
brake,3887
brain,3888
boyfriend,3889
boy,3890
box,3891
bowl,3892
bow,3893
boundary,3894
bounce,3895
bottom,3896
bottle,3897
bother,3898
both,3899
boss,3900
borrow,3901
born,3902
boring,3903
border,3904
booth,3905
boot,3906
boost,3907
boom,3908
book,3909
bonus,3910
bone,3911
bond,3912
bombing,3913
bomb,3914
bolt,3915
bold,3916
boil,3917
body,3918
boat,3919
boast,3920
board,3921
blue,3922
blow,3923
bloody,3924
blood,3925
blond,3926
block,3927
blink,3928
blind,3929
blessing,3930
bless,3931
blend,3932
blast,3933
blanket,3934
blank,3935
blame,3936
blade,3937
black,3938
bitter,3939
bite,3940
bit,3941
bishop,3942
birthday,3943
birth,3944
bird,3945
biology,3946
biological,3947
biography,3948
bind,3949
billion,3950
bill,3951
bike,3952
big,3953
bid,3954
bicycle,3955
Bible,3956
bias,3957
beyond,3958
between,3959
better,3960
bet,3961
best,3962
besides,3963
beside,3964
benefit,3965
beneath,3966
bend,3967
bench,3968
belt,3969
below,3970
belong,3971
belly,3972
bell,3973
believe,3974
belief,3975
being,3976
behind,3977
behavioral,3978
behavior,3979
behave,3980
behalf,3981
beginning,3982
begin,3983
beg,3984
before,3985
beer,3986
beef,3987
bee,3988
bedroom,3989
bed,3990
become,3991
because,3992
beauty,3993
beautiful,3994
beat,3995
beast,3996
beard,3997
bear,3998
bean,3999
beam,4000
beach,4001
be,4002
bay,4003
battle,4004
battery,4005
bathroom,4006
bath,4007
bat,4008
basketball,4009
basket,4010
basis,4011
basically,4012
basic,4013
basement,4014
baseball,4015
base,4016
barrier,4017
barrel,4018
barn,4019
barely,4020
bare,4021
bar,4022
bankruptcy,4023
banking,4024
banker,4025
bank,4026
band,4027
banana,4028
ban,4029
ballot,4030
balloon,4031
ball,4032
balanced,4033
balance,4034
bake,4035
bag,4036
badly,4037
bad,4038
bacteria,4039
backyard,4040
background,4041
back,4042
baby,4043
awful,4044
away,4045
awareness,4046
aware,4047
award,4048
awake,4049
await,4050
avoid,4051
average,4052
available,4053
availability,4054
autonomy,4055
automobile,4056
automatically,4057
automatic,4058
auto,4059
authorize,4060
authority,4061
author,4062
aunt,4063
audience,4064
auction,4065
attribute,4066
attractive,4067
attraction,4068
attract,4069
attorney,4070
attitude,4071
attention,4072
attendance,4073
attend,4074
attempt,4075
attack,4076
attach,4077
atop,4078
atmosphere,4079
athletic,4080
athlete,4081
at,4082
astronomer,4083
assure,4084
assumption,4085
assume,4086
association,4087
associated,4088
associate,4089
assistant,4090
assistance,4091
assist,4092
assignment,4093
assign,4094
asset,4095
assessment,4096
assess,4097
assert,4098
assembly,4099
assemble,4100
assault,4101
ass,4102
aspect,4103
asleep,4104
ask,4105
aside,4106
Asian,4107
ash,4108
as,4109
artistic,4110
artist,4111
artificial,4112
artifact,4113
articulate,4114
article,4115
art,4116
arrow,4117
arrive,4118
arrival,4119
arrest,4120
array,4121
arrangement,4122
arrange,4123
around,4124
army,4125
armed,4126
arm,4127
arise,4128
argument,4129
argue,4130
arena,4131
area,4132
architecture,4133
architect,4134
Arab,4135
approximately,4136
approve,4137
approval,4138
appropriate,4139
approach,4140
appreciation,4141
appreciate,4142
appointment,4143
appoint,4144
apply,4145
application,4146
apple,4147
appearance,4148
appear,4149
appeal,4150
apparently,4151
apparent,4152
apologize,4153
apartment,4154
apart,4155
anywhere,4156
anyway,4157
anything,4158
anyone,4159
anymore,4160
anybody,4161
any,4162
anxious,4163
anxiety,4164
anticipate,4165
answer,4166
another,4167
anonymous,4168
annually,4169
annual,4170
announcement,4171
announce,4172
anniversary,4173
ankle,4174
animal,4175
angry,4176
angle,4177
anger,4178
angel,4179
and/or,4180
and,4181
ancient,4182
ancestor,4183
analyze,4184
analyst,4185
analysis,4186
an,4187
amount,4188
among,4189
amid,4190
American,4191
amendment,4192
ambitious,4193
ambition,4194
ambassador,4195
amazing,4196
AM,4197
always,4198
aluminum,4199
altogether,4200
although,4201
alternative,4202
alter,4203
also,4204
already,4205
alongside,4206
along,4207
alone,4208
almost,4209
ally,4210
allow,4211
alliance,4212
alley,4213
allegedly,4214
alleged,4215
allegation,4216
all,4217
alive,4218
alike,4219
alien,4220
alcohol,4221
album,4222
alarm,4223
aisle,4224
airport,4225
airplane,4226
airline,4227
aircraft,4228
air,4229
aim,4230
AIDS,4231
aide,4232
aid,4233
ahead,4234
ah,4235
agriculture,4236
agricultural,4237
agreement,4238
agree,4239
ago,4240
aggressive,4241
aggression,4242
agent,4243
agenda,4244
agency,4245
age,4246
against,4247
again,4248
afterward,4249
afternoon,4250
after,4251
African-American,4252
African,4253
afraid,4254
afford,4255
affect,4256
affair,4257
aesthetic,4258
advocate,4259
adviser,4260
advise,4261
advice,4262
advertising,4263
adventure,4264
advantage,4265
advanced,4266
advance,4267
adult,4268
adoption,4269
adopt,4270
adolescent,4271
admit,4272
admission,4273
admire,4274
administrator,4275
administrative,4276
administration,4277
administer,4278
adjustment,4279
adjust,4280
adequate,4281
address,4282
additional,4283
addition,4284
added,4285
add,4286
adapt,4287
ad,4288
actually,4289
actual,4290
actress,4291
actor,4292
activity,4293
activist,4294
actively,4295
active,4296
action,4297
act,4298
across,4299
acquisition,4300
acquire,4301
acknowledge,4302
acid,4303
achievement,4304
achieve,4305
accuse,4306
accusation,4307
accurately,4308
accurate,4309
accuracy,4310
accounting,4311
accountability,4312
account,4313
according,4314
accomplishment,4315
accomplish,4316
accompany,4317
accommodate,4318
accident,4319
accessible,4320
access,4321
acceptance,4322
acceptable,4323
accept,4324
accent,4325
accelerate,4326
academic,4327
abuse,4328
abstract,4329
absorb,4330
absolutely,4331
absolute,4332
absence,4333
abroad,4334
above,4335
about,4336
abortion,4337
able,4338
ability,4339
abandon,4340
a,4341